Feature,Gain
PF_TotalBytes,0.2044408711308126
total_bytes,0.20147416152570796
total_recv_bytes,0.17215280040077738
total_sent_bytes,0.15745913550564525
PF_RecvSentBytes,0.15154786131362655
PF_total_getpost,0.07545806842427898
PF_POST_ratio,0.024674364752137426
PF_GET_ratio,0.012792736947013989
